{
  "1": {
    "TotalLoss": 27.110325702431467,
    "s0.loss_cls": 1.604301118293419,
    "s0.pos_acc": 28.79666145331255,
    "s0.loss_bbox": 1.188850734864327,
    "s0.loss_iou": 1.250769524343059,
    "s1.loss_cls": 1.7614729523625652,
    "s1.pos_acc": 43.90368771225647,
    "s1.loss_bbox": 1.4031917163003869,
    "s1.loss_iou": 1.4081886967370265,
    "s2.loss_cls": 1.8246224425230566,
    "s2.pos_acc": 46.70956497835612,
    "s2.loss_bbox": 1.392481482658469,
    "s2.loss_iou": 1.4024375380740557,
    "s3.loss_cls": 1.8817333563227923,
    "s3.pos_acc": 47.616499488111074,
    "s3.loss_bbox": 1.3794232721670692,
    "s3.loss_iou": 1.3983592965846252,
    "s4.loss_cls": 1.8356573838997867,
    "s4.pos_acc": 49.242008957801225,
    "s4.loss_bbox": 1.372803030404682,
    "s4.loss_iou": 1.3978090205008649,
    "s5.loss_cls": 1.8210985058067015,
    "s5.pos_acc": 49.039184144702595,
    "s5.loss_bbox": 1.3895776029029239,
    "s5.loss_iou": 1.3975480276856553
  },
  "2": {
    "TotalLoss": 27.20466680469953,
    "s0.loss_cls": 1.7172546570184783,
    "s0.pos_acc": 37.78995767076874,
    "s0.loss_bbox": 1.013858603006635,
    "s0.loss_iou": 1.1009664118970008,
    "s1.loss_cls": 1.9616519641136805,
    "s1.pos_acc": 42.42733223199459,
    "s1.loss_bbox": 1.2784213641769764,
    "s1.loss_iou": 1.3173167461210407,
    "s2.loss_cls": 1.9276964370152267,
    "s2.pos_acc": 46.64350111110915,
    "s2.loss_bbox": 1.371151800736821,
    "s2.loss_iou": 1.3599063018773214,
    "s3.loss_cls": 1.9099671969501308,
    "s3.pos_acc": 48.28337490231232,
    "s3.loss_bbox": 1.4192137105513802,
    "s3.loss_iou": 1.3780141236314698,
    "s4.loss_cls": 1.8919437912862442,
    "s4.pos_acc": 49.83758649533323,
    "s4.loss_bbox": 1.4417866001203536,
    "s4.loss_iou": 1.3913415986217066,
    "s5.loss_cls": 1.873462550683618,
    "s5.pos_acc": 54.3896109112245,
    "s5.loss_bbox": 1.4545991975717811,
    "s5.loss_iou": 1.3961137493196665
  },
  "3": {
    "TotalLoss": 29.667376314195526,
    "s0.loss_cls": 1.7466916179627494,
    "s0.pos_acc": 52.841142255193006,
    "s0.loss_bbox": 1.3118325083611326,
    "s0.loss_iou": 1.335258143290468,
    "s1.loss_cls": 1.92696991296997,
    "s1.pos_acc": 54.89955605520763,
    "s1.loss_bbox": 1.5416566627807253,
    "s1.loss_iou": 1.4149227413846863,
    "s2.loss_cls": 1.8659436011159196,
    "s2.pos_acc": 54.62678386051936,
    "s2.loss_bbox": 1.6838445876708468,
    "s2.loss_iou": 1.4546223003748258,
    "s3.loss_cls": 1.8253664423688842,
    "s3.pos_acc": 61.642348909609154,
    "s3.loss_bbox": 1.7928170037752256,
    "s3.loss_iou": 1.4905697940389877,
    "s4.loss_cls": 1.8704727937675731,
    "s4.pos_acc": 59.13024652408668,
    "s4.loss_bbox": 1.7788869921593462,
    "s4.loss_iou": 1.4942744173416462,
    "s5.loss_cls": 1.8634317339973838,
    "s5.pos_acc": 62.03908981895601,
    "s5.loss_bbox": 1.775695326739564,
    "s5.loss_iou": 1.4941197340955932
  },
  "4": {
    "TotalLoss": 32.41467882635127,
    "s0.loss_cls": 1.6690656471076333,
    "s0.pos_acc": 57.84220424068186,
    "s0.loss_bbox": 1.8642636949680926,
    "s0.loss_iou": 1.5293848677034307,
    "s1.loss_cls": 1.749611519121562,
    "s1.pos_acc": 56.76489846078567,
    "s1.loss_bbox": 2.0003713206967313,
    "s1.loss_iou": 1.5630971559222564,
    "s2.loss_cls": 1.6193189085847919,
    "s2.pos_acc": 64.94575332555324,
    "s2.loss_bbox": 2.211699494631639,
    "s2.loss_iou": 1.629789005679128,
    "s3.loss_cls": 1.5620421063364305,
    "s3.pos_acc": 67.10968915210594,
    "s3.loss_bbox": 2.2788884432592185,
    "s3.loss_iou": 1.6388858763910288,
    "s4.loss_cls": 1.5638854638117854,
    "s4.pos_acc": 66.52424559030857,
    "s4.loss_bbox": 2.296896166124521,
    "s4.loss_iou": 1.6502449469376048,
    "s5.loss_cls": 1.5594275561639626,
    "s5.pos_acc": 68.9282439999126,
    "s5.loss_bbox": 2.352465454979479,
    "s5.loss_iou": 1.6753411979319734
  },
  "5": {
    "TotalLoss": 32.464110183391185,
    "s0.loss_cls": 1.7211578724677719,
    "s0.pos_acc": 65.0785417953485,
    "s0.loss_bbox": 1.5649342284280572,
    "s0.loss_iou": 1.422483496861427,
    "s1.loss_cls": 1.623852872539004,
    "s1.pos_acc": 66.38409478675953,
    "s1.loss_bbox": 2.032401028456338,
    "s1.loss_iou": 1.6473042794814716,
    "s2.loss_cls": 1.5196641549667254,
    "s2.pos_acc": 69.07607268978975,
    "s2.loss_bbox": 2.306080990009046,
    "s2.loss_iou": 1.726958859501247,
    "s3.loss_cls": 1.457782549304432,
    "s3.pos_acc": 73.91530160199075,
    "s3.loss_bbox": 2.4112029644045285,
    "s3.loss_iou": 1.7617023660348479,
    "s4.loss_cls": 1.4029890937432674,
    "s4.pos_acc": 73.42738650842706,
    "s4.loss_bbox": 2.4402932536837936,
    "s4.loss_iou": 1.7690722614508694,
    "s5.loss_cls": 1.4477761128079907,
    "s5.pos_acc": 72.94605184121356,
    "s5.loss_bbox": 2.444309389805466,
    "s5.loss_iou": 1.7641444094448993
  },
  "6": {
    "TotalLoss": 32.48296013900579,
    "s0.loss_cls": 1.7104941820009723,
    "s0.pos_acc": 61.812958298476715,
    "s0.loss_bbox": 1.736023468177567,
    "s0.loss_iou": 1.4840665388121141,
    "s1.loss_cls": 1.538857933441617,
    "s1.pos_acc": 64.0727773979908,
    "s1.loss_bbox": 2.128043836349793,
    "s1.loss_iou": 1.653352370452563,
    "s2.loss_cls": 1.5422852163314422,
    "s2.pos_acc": 69.71099251633892,
    "s2.loss_bbox": 2.262223302072248,
    "s2.loss_iou": 1.6726047683940517,
    "s3.loss_cls": 1.52246843593534,
    "s3.pos_acc": 72.22618125193723,
    "s3.loss_bbox": 2.3041693623913435,
    "s3.loss_iou": 1.6742750782976965,
    "s4.loss_cls": 1.4681682146205899,
    "s4.pos_acc": 73.30403254933427,
    "s4.loss_bbox": 2.41903960591811,
    "s4.loss_iou": 1.7091456426996647,
    "s5.loss_cls": 1.498605152840139,
    "s5.pos_acc": 72.98128604561524,
    "s5.loss_bbox": 2.4395879824421636,
    "s5.loss_iou": 1.7195490478283706
  },
  "7": {
    "TotalLoss": 32.15354363115369,
    "s0.loss_cls": 1.738619670173607,
    "s0.pos_acc": 67.76326652181746,
    "s0.loss_bbox": 1.6125817789285413,
    "s0.loss_iou": 1.4967274685211251,
    "s1.loss_cls": 1.8769336962591643,
    "s1.pos_acc": 60.15849344718822,
    "s1.loss_bbox": 1.8051644747125914,
    "s1.loss_iou": 1.5127914164197271,
    "s2.loss_cls": 1.822275994494168,
    "s2.pos_acc": 55.05245849369801,
    "s2.loss_bbox": 1.9128214052136572,
    "s2.loss_iou": 1.5402776401140914,
    "s3.loss_cls": 1.7744154478315628,
    "s3.pos_acc": 66.84894355029012,
    "s3.loss_bbox": 2.1250938263440413,
    "s3.loss_iou": 1.5927363252944293,
    "s4.loss_cls": 1.677263171962949,
    "s4.pos_acc": 67.61497871748658,
    "s4.loss_bbox": 2.296174421415985,
    "s4.loss_iou": 1.6567508883244675,
    "s5.loss_cls": 1.7129643893975282,
    "s5.pos_acc": 68.3045395054224,
    "s5.loss_bbox": 2.3372130432378304,
    "s5.loss_iou": 1.662738572508217
  },
  "8": {
    "TotalLoss": 32.532150479372504,
    "s0.loss_cls": 1.7921702377519777,
    "s0.pos_acc": 68.84102486042676,
    "s0.loss_bbox": 1.5608309424528928,
    "s0.loss_iou": 1.4208372979122477,
    "s1.loss_cls": 1.743337706279234,
    "s1.pos_acc": 64.87457183258599,
    "s1.loss_bbox": 2.0285936305464904,
    "s1.loss_iou": 1.5642949420498362,
    "s2.loss_cls": 1.6073008515334746,
    "s2.pos_acc": 68.03804636656372,
    "s2.loss_bbox": 2.2388094310981246,
    "s2.loss_iou": 1.6422180390415746,
    "s3.loss_cls": 1.5188836196976987,
    "s3.pos_acc": 71.5461633097567,
    "s3.loss_bbox": 2.394420389919534,
    "s3.loss_iou": 1.69669290179137,
    "s4.loss_cls": 1.5182026003591687,
    "s4.pos_acc": 72.76840420589693,
    "s4.loss_bbox": 2.4534923577792522,
    "s4.loss_iou": 1.7173282048222647,
    "s5.loss_cls": 1.5326229971400613,
    "s5.pos_acc": 71.88876426508816,
    "s5.loss_bbox": 2.4081211916121363,
    "s5.loss_iou": 1.6939931375851707
  },
  "9": {
    "TotalLoss": 34.74555871859056,
    "s0.loss_cls": 1.8060584726226514,
    "s0.pos_acc": 69.17380660993796,
    "s0.loss_bbox": 1.8645216074647302,
    "s0.loss_iou": 1.5147363269349534,